<?xml version="1.0" encoding="UTF-8"?>
<!DOCTYPE MudletPackage>
<MudletPackage version="1.001">
    <AliasPackage>
        <AliasGroup isActive="yes" isFolder="yes">
            <name>Basic_Package-alias</name>
            <script></script>
            <command></command>
            <packageName></packageName>
            <regex></regex>
            <AliasGroup isActive="yes" isFolder="yes">
                <name>Misc</name>
                <script></script>
                <command></command>
                <packageName></packageName>
                <regex></regex>
                <Alias isActive="yes" isFolder="no">
                    <name>target</name>
                    <script>--set target
target = matches[2]
cecho(&quot;&lt;light_slate_blue&gt;Target is now: &lt;goldenrod&gt;&quot;..target..&quot;\n&quot;)

--highlight my current target
if id then killTrigger(id) end
id = tempTrigger(target, function() selectString(target, 1) fg(&quot;goldenrod&quot;) deselect() resetFormat() end)

--for WList
update_status()
</script>
                    <command></command>
                    <packageName></packageName>
                    <regex>^t (.+)$</regex>
                </Alias>
                <Alias isActive="yes" isFolder="no">
                    <name>kill</name>
                    <script>send(&quot;kill &quot;..target)
</script>
                    <command></command>
                    <packageName></packageName>
                    <regex>^k$</regex>
                </Alias>
                <AliasGroup isActive="yes" isFolder="yes">
                    <name>Kill counter</name>
                    <script></script>
                    <command></command>
                    <packageName></packageName>
                    <regex></regex>
                    <Alias isActive="yes" isFolder="no">
                        <name>myKills start</name>
                        <script>enableTrigger(&quot;myKills&quot;)
expandAlias(&quot;killreset&quot;)
cecho(&quot;&lt;white&gt; Mykills counter started.\n&quot;)</script>
                        <command></command>
                        <packageName></packageName>
                        <regex>^killstart$</regex>
                    </Alias>
                    <Alias isActive="yes" isFolder="no">
                        <name>myKills stop</name>
                        <script>disableTrigger(&quot;myKills&quot;)
cecho(&quot;&lt;white&gt; Mykills counter stopped.\n&quot;)</script>
                        <command></command>
                        <packageName></packageName>
                        <regex>^killstop$</regex>
                    </Alias>
                    <Alias isActive="yes" isFolder="no">
                        <name>myKills set</name>
                        <script>-- kill counter is in &quot;^You killed (a |an |the )?(.+)\.$&quot; trigger.
myKills = matches[2]
cecho(&quot;&lt;white&gt; Killed: &lt;light_slate_blue:black&gt;&quot; .. myKills .. &quot;.\n&quot; )
update_status()
</script>
                        <command></command>
                        <packageName></packageName>
                        <regex>^killset (.+)$</regex>
                    </Alias>
                    <Alias isActive="yes" isFolder="no">
                        <name>myKills reset</name>
                        <script>-- kill counter is in &quot;^You killed (a |an |the )?(.+)\.$&quot; trigger.
myKills = 0
cecho(&quot;&lt;white&gt; Killed: &lt;light_slate_blue:black&gt;&quot; .. myKills .. &quot;.\n&quot; )
update_status()

</script>
                        <command></command>
                        <packageName></packageName>
                        <regex>^killreset$</regex>
                    </Alias>
                    <Alias isActive="yes" isFolder="no">
                        <name>myKills number</name>
                        <script>-- kill counter is in &quot;^You killed (a |an |the )?(.+)\.$&quot; trigger.
cecho(&quot;&lt;white&gt; Killed: &lt;light_slate_blue:black&gt;&quot; .. myKills .. &quot;.\n&quot;)
update_status()
</script>
                        <command></command>
                        <packageName></packageName>
                        <regex>^killnumber$</regex>
                    </Alias>
                    <Alias isActive="no" isFolder="no">
                        <name>Readme</name>
                        <script>	[[--
	To set a target:
	t &lt;name&gt;
	--
	To kill a target:
	k
	--
	Kill counter
	killstart - starts counter
	killstop - stops counter
	killset &lt;number&gt; - sets counter score to &lt;number&gt;
	killreset - resets counter score (sets to 0)
	killnumber - displays score
	--
	--]]</script>
                        <command></command>
                        <packageName></packageName>
                        <regex></regex>
                    </Alias>
                </AliasGroup>
            </AliasGroup>
            <AliasGroup isActive="yes" isFolder="yes">
                <name>Paths_Sparkle</name>
                <script></script>
                <command></command>
                <packageName></packageName>
                <regex></regex>
                <Alias isActive="yes" isFolder="no">
                    <name>church-bank</name>
                    <script>send(&quot;options brief on&quot;)
speedwalk(&quot;s,e,n&quot;, false)
send(&quot;options brief off&quot;)

</script>
                    <command></command>
                    <packageName></packageName>
                    <regex>^church-bank$</regex>
                </Alias>
                <Alias isActive="yes" isFolder="no">
                    <name>bank-church</name>
                    <script>send(&quot;options brief on&quot;)
speedwalk(&quot;s,e,n&quot;, true)
send(&quot;options brief off&quot;)
</script>
                    <command></command>
                    <packageName></packageName>
                    <regex>^bank-church$</regex>
                </Alias>
            </AliasGroup>
        </AliasGroup>
    </AliasPackage>
</MudletPackage>
