<?xml version="1.0" encoding="UTF-8"?>
<!DOCTYPE MudletPackage>
<MudletPackage version="1.001">
    <ScriptPackage>
        <ScriptGroup isActive="yes" isFolder="yes">
            <name>Basic_Package-script</name>
            <packageName></packageName>
            <script>-------------------------------------------------
--         Put your Lua functions here.        --
--                                             --
-- Note that you can also use external Scripts --
-------------------------------------------------
</script>
            <eventHandlerList/>
            <ScriptGroup isActive="yes" isFolder="yes">
                <name>BP-Containers</name>
                <packageName></packageName>
                <script></script>
                <eventHandlerList/>
                <Script isActive="yes" isFolder="no">
                    <name>Main Window</name>
                    <packageName></packageName>
                    <script>-------------------------------------------------
--         Put your Lua functions here.        --
--                                             --
-- Note that you can also use external Scripts --
-------------------------------------------------
setWindowWrap(&quot;main&quot;, 80)
</script>
                    <eventHandlerList/>
                </Script>
                <Script isActive="no" isFolder="no">
                    <name>Containers_All-1366x768</name>
                    <packageName></packageName>
                    <script>-------------------------------------------------
--         Put your Lua functions here.        --
--                                             --
-- Note that you can also use external Scripts --
-------------------------------------------------
--lua Vitals_container:flash()


--All Container - it contains the whole screen and all containers within
All_container = Geyser.Container:new({
  name = &quot;All_container&quot;,
  x=0, y=0,                    
  width = &quot;100%&quot;, height=&quot;100%&quot;,
}) 

--Vitals Container -- Vital and Satus Bars area
setBorderBottom(20) -- setting area for Vitals container at the bootom, so mud will not use it.
Vitals_container = Geyser.Container:new({
  name = &quot;Vitals_container&quot;,
  x=&quot;20px&quot;, y=&quot;-20px&quot;,                 -- it starts on the very bottom and expands up, 20px
  width = &quot;1340px&quot;, height=&quot;20px&quot;,
}, All_container)

--Magic Map - Magic Map area
MagicMap_container = Geyser.Container:new({
  name = &quot;MagicMap_container&quot;,
  x=&quot;680px&quot;, y=&quot;0px&quot;,                   
  width = &quot;430px&quot;, height=&quot;65%&quot;, -- previous map: width =&quot;590px&quot;, height = &quot;520px&quot;
}, All_Container) 

--Chat container - GMCP chat area
Chat_container = Geyser.Container:new({
  name = &quot;Chat_container&quot;,
  x=&quot;680px&quot;, y=&quot;65%&quot;,                  
  width = &quot;680px&quot;, height=&quot;31%&quot;,
}, All_Container) 

--WList Container - Wielden and Worn Items List area
WList_container = Geyser.Container:new({
  name = &quot;WList_container&quot;,
  x=&quot;1110px&quot;, y=&quot;0&quot;,                   
  width = &quot;250px&quot;, height=&quot;65%&quot;,
}, All_container) </script>
                    <eventHandlerList/>
                </Script>
                <Script isActive="yes" isFolder="no">
                    <name>Containers_All-1920x1080</name>
                    <packageName></packageName>
                    <script>-------------------------------------------------
--         Put your Lua functions here.        --
--                                             --
-- Note that you can also use external Scripts --
-------------------------------------------------
--lua Vitals_container:flash()


--All Container - it contains the whole screen and all containers within
All_container = Geyser.Container:new({
  name = &quot;All_container&quot;,
  x=0, y=0,                    
  width = &quot;100%&quot;, height=&quot;100%&quot;,
}) 

--Vitals Container -- Vital and Satus Bars area
setBorderBottom(20) -- setting area for Vitals container at the bootom, so mud will not use it.
Vitals_container = Geyser.Container:new({
  name = &quot;Vitals_container&quot;,
  x=&quot;20px&quot;, y=&quot;-20px&quot;,                 -- it starts on the very bottom and expands up, 20px
  width = &quot;1440px&quot;, height=&quot;20px&quot;,
}, All_container)

--Magic Map - Magic Map area
MagicMap_container = Geyser.Container:new({
  name = &quot;MagicMap_container&quot;,
  x=&quot;880px&quot;, y=&quot;0px&quot;,                     
  width = &quot;600px&quot;, height=&quot;60%&quot;, --previous map: width =&quot;590px&quot;, height = &quot;520px&quot;
}, All_Container) 

--Chat container - GMCP chat area
Chat_container = Geyser.Container:new({
  name = &quot;Chat_container&quot;,
  x=&quot;880px&quot;, y=&quot;60%&quot;,             
  width = &quot;980px&quot;, height=&quot;37%&quot;,
}, All_Container) 

--WList Container - Wielden and Worn Items List area
WList_container = Geyser.Container:new({
  name = &quot;WList_container&quot;,
  x=&quot;1480px&quot;, y=&quot;0&quot;,                  
  width = &quot;380px&quot;, height=&quot;60%&quot;,
}, All_container) </script>
                    <eventHandlerList/>
                </Script>
            </ScriptGroup>
            <ScriptGroup isActive="yes" isFolder="yes">
                <name>Map20170610-BP</name>
                <packageName></packageName>
                <script></script>
                <eventHandlerList/>
                <ScriptGroup isActive="yes" isFolder="yes">
                    <name>MagicMap</name>
                    <packageName></packageName>
                    <script>-------------------------------------------------
--         Put your Lua functions here.        --
--                                             --
-- Note that you can also use external Scripts --
-------------------------------------------------
</script>
                    <eventHandlerList/>
                    <Script isActive="yes" isFolder="no">
                        <name>map_area</name>
                        <packageName></packageName>
                        <script>	-------------------------------------------------
--         Put your Lua functions here.        --
--                                             --
-- Note that you can also use external Scripts --
-------------------------------------------------
--lua MagicMap_container:flash()

map_console = nil
function map_area()

	map_label = Geyser.Label:new({
		name = &quot;map_label&quot;,
		x = &quot;0&quot;, --x = &quot;910&quot;, 
		y = &quot;0&quot;, --y = &quot;0&quot;,
		width = &quot;100%&quot;, --&quot;590px&quot;, 
		height = &quot;100%&quot;, --&quot;520px&quot;,
		--color = &quot;green&quot;,
	}, MagicMap_container);
	
 map_label:setStyleSheet([[
	 background-color: black;
   border: 1px dashed green;
  ]])

	map_console = Geyser.MiniConsole:new({
		name = &quot;map_console&quot;,
		x = &quot;1&quot;, --x = &quot;910&quot;, 
		y = &quot;1&quot;, --y = &quot;0&quot;,
		width = &quot;99%&quot;, --&quot;590px&quot;, 
		height = &quot;99%&quot;, --&quot;520px&quot;,
	  color = &quot;black&quot;,
	}, MagicMap_container);
	setMiniConsoleFontSize(&quot;map_console&quot;, 7)
	
end
</script>
                        <eventHandlerList>
                            <string>gmcp.char.login</string>
                        </eventHandlerList>
                    </Script>
                    <Script isActive="yes" isFolder="no">
                        <name>my_map</name>
                        <packageName></packageName>
                        <script>-------------------------------------------------
--         Put your Lua functions here.        --
--                                             --
-- Note that you can also use external Scripts --
-------------------------------------------------
function split(str, pat)
   local t = {}  -- NOTE: use {n = 0} in Lua-5.0
   local fpat = &quot;(.-)&quot; .. pat
   local last_end = 1
   local s, e, cap = str:find(fpat, 1)
   while s do
      table.insert(t,cap)
      last_end = e+1
      s, e, cap = str:find(fpat, last_end)
   end
   if last_end &lt;= #str then
      cap = str:sub(last_end)
      table.insert(t, cap)
   end
   return t
end

function replace_char(pos, str, r)
   return str:sub(1, pos-1) .. &quot;&lt;255,0,0:0,0,0&gt;&quot; .. r .. &quot;&lt;255,255,255:0,0,0&gt;&quot; .. str:sub(pos+1)
end

function my_map()
	if gmcp.room.info.x == nil then
		clearWindow(&quot;map_console&quot;)
		decho(&quot;newmap&quot;, &quot;&lt;255,255,255:0,0,0&gt;No map info available&quot;)
		return
	end
	local x, y = tonumber(gmcp.room.info.x), tonumber(gmcp.room.info.y)
	local map = gmcp.room.map.map
	local maplines = split(map, &quot;\n&quot;)
	local myline = replace_char(x+1,maplines[y+1], &quot;X&quot;)
	maplines[y+1] = myline
	local newmap = table.concat(maplines, &quot;\n&quot;)
	newmap = &quot;&lt;255,255,255:0,0,0&gt;&quot; .. newmap
	clearWindow(&quot;map_console&quot;)
	decho(&quot;map_console&quot;,newmap)
end</script>
                        <eventHandlerList>
                            <string>gmcp.room.info</string>
                        </eventHandlerList>
                    </Script>
                </ScriptGroup>
            </ScriptGroup>
            <ScriptGroup isActive="yes" isFolder="yes">
                <name>Chat20170610-BP</name>
                <packageName></packageName>
                <script>-------------------------------------------------
--         Put your Lua functions here.        --
--                                             --
-- Note that you can also use external Scripts --
-------------------------------------------------
</script>
                <eventHandlerList/>
                <ScriptGroup isActive="yes" isFolder="yes">
                    <name>ChatBox</name>
                    <packageName></packageName>
                    <script>-------------------------------------------------
--         Put your Lua functions here.        --
--                                             --
-- Note that you can also use external Scripts --
-------------------------------------------------
</script>
                    <eventHandlerList/>
                    <Script isActive="yes" isFolder="no">
                        <name>chat_area</name>
                        <packageName></packageName>
                        <script>-------------------------------------------------
--         Put your Lua functions here.        --
--                                             --
-- Note that you can also use external Scripts --
-------------------------------------------------
function chat_area()
	sendGMCP(&quot;Core.Supports.Set [\&quot;Comm 1\&quot;, \&quot;Room 1\&quot;, \&quot;Char 1\&quot;]&quot;)
	
	-- We do not want NPCs talks in the chat box:
	sendGMCP([[Core.Options {&quot;npc_comms&quot; : &quot;off&quot; }]])
	
	chat_label = Geyser.Label:new({
		name = &quot;chat_label&quot;,
		x = &quot;0&quot;, y = &quot;0&quot;,
		width = &quot;100%&quot;, height = &quot;100%&quot;,
		color = &quot;black&quot;,
	}, Chat_container);
	
	chat_label:setStyleSheet([[
		border: 1px dashed yellow;
	]])
	
	chat = Geyser.MiniConsole:new({
	  name=&quot;chat&quot;,
	  x=&quot;10&quot;, y=&quot;10&quot;,
	  width=&quot;94%&quot;, height=&quot;94%&quot;,
	  color=&quot;black&quot;,
	}, Chat_container);
	chat:setFontSize(10)
	setWindowWrap(&quot;chat&quot;, 90)
end
--1920x1080:	  width=&quot;98%&quot;, height=&quot;96%&quot;,
--							chat:setFontSize(10)
--							setWindowWrap(&quot;chat&quot;, 90)
--1366x768: 	  width=&quot;94%&quot;, height=&quot;94%&quot;,
--							chat:setFontSize(?)
--							setWindowWrap(&quot;chat&quot;, 90)</script>
                        <eventHandlerList>
                            <string>gmcp.char.login</string>
                        </eventHandlerList>
                    </Script>
                    <Script isActive="yes" isFolder="no">
                        <name>get_chat</name>
                        <packageName></packageName>
                        <script>-------------------------------------------------
--         Put your Lua functions here.        --
--                                             --
-- Note that you can also use external Scripts --
-------------------------------------------------
chat_count = 1
function get_chat()
	local message = gmcp.comm.channel.message
	if chat_count % 2 == 0 then
		message = &quot;&lt;51,153,255:0,0,0&gt;&quot; .. message
	else
		message = &quot;&lt;230,230,230:0,0,0&gt;&quot; .. message
	end
	setWindowWrap(&quot;chat&quot;, 90)
	decho(&quot;chat&quot;,message .. &quot;\n&quot;)
	chat_count = chat_count + 1
end

--1920x1080:
--							setWindowWrap(&quot;chat&quot;, 90)
--1366x768:
--							setWindowWrap(&quot;chat&quot;, ??)</script>
                        <eventHandlerList>
                            <string>gmcp.comm.channel</string>
                        </eventHandlerList>
                    </Script>
                </ScriptGroup>
            </ScriptGroup>
            <ScriptGroup isActive="yes" isFolder="yes">
                <name>WList-script-BP</name>
                <packageName></packageName>
                <script>-------------------------------------------------
--         Put your Lua functions here.        --
--                                             --
-- Note that you can also use external Scripts --
-------------------------------------------------
</script>
                <eventHandlerList/>
                <ScriptGroup isActive="yes" isFolder="yes">
                    <name>Infoscreen</name>
                    <packageName></packageName>
                    <script></script>
                    <eventHandlerList/>
                    <Script isActive="yes" isFolder="no">
                        <name>The Model</name>
                        <packageName></packageName>
                        <script>
----
---- The model.
----
---- Only create variables that don't already exist.
----

---
--- Constants:
---

N = N or &quot;none&quot;
TWO = TWO or '(two-handed)'

---
--- Variables:
---

progress = progress or 'no measurable'
target = target or N
myKills = myKills or N

-- Configuration variables

-- Each bodypart is a key to a table with both the item worn
-- on that part and the current condition of the piece of equipment.
-- We are only interested in bodyparts where you can get hit,
-- so we don't map stuff like the newbie pin worn on your chest.
bodyparts = bodyparts or {
   head = { item = N, condition = N } -- helmets
   ,ear = { item = N, condition = N } -- earring	 
   ,neck = { item = N, condition = N } -- amulet, pendant, necklace, etc.
   ,shoulders = { item = N, condition = N } -- 'chest and back'
   ,arms = { item = N, condition = N } -- bracers
   ,left = { item = N, condition = N } -- Hands: both wielded weapons and ...
   ,right = { item = N, condition = N } -- ... worn shields!
   ,hands = { item = N, condition = N } -- gloves
   ,body = { item = N, condition = N } -- animal pelt, etc.
	 ,waist = { item = N, condition = N } -- belt, sash, briefs, etc.
   ,legs = { item = N, condition = N } -- greaves
   ,feet = { item = N, condition = N } -- shoes and boots
	 ,wristLeft = { item = N, condition = N } -- left wrist
	 ,wristRight = { item = N, condition = N } -- right wrist
	 ,fingerLeft = { item = N, condition = N } -- left finger
	 ,fingerRight = { item = N, condition = N } -- right finger
	 ,shoulderLeft = { item = N, condition = N } -- left shoulder
	 ,shoulderRight = { item = N, condition = N } -- right shoulder	 
} 

---
--- Operations
---

function wield_weapon(w, two, hand)
   if 'both' == two then
      bodyparts.left.item = w
      bodyparts.right.item = TWO
   else
      bodyparts[hand].item = w
   end
end

-- When both hands wield the same (single-handed) weapon:
-- The first thing wielded or worn goes to the right.
-- The first weapon unwielded seems to be removed from the left,
-- even when you had to specify 'wield second ...'.
function unwield_weapon(w)
   if bodyparts.right.item == TWO then
      bodyparts.left.item = N
      bodyparts.right.item = N
   elseif w == bodyparts.left.item then
      bodyparts.left.item = N
   elseif w == bodyparts.right.item then
      bodyparts.right.item = N
   -- else do nothing but hope it doesn't matter.
   end
end

-- Shields are worn on 'left arm' or even 'right arm',
-- when both left and right arm are still free.
-- These are not(!) the 'arms' bracers are worn on.
-- In effect they are rather wielded,
-- preventing the wielding of a weapon in that hand.
-- Note! Not only shields are worn left or right!
-- The bodypart affected can be a 'shoulder', or some finger on either hand.
-- And these do not prevent wielding a weapon or wearing a shield on that side.
function wear_item(item, part, hand)
   if 'arm' == part then
      part = hand -- Only(?) shields are worn on 'arm's.
   end
   bodyparts[part].item = item
end

-- It is important to check 'right' before 'left':
-- an unspecified item is 'first some_item' and ends up on the 'right',
-- if both hands are empty. If we wield a second one of
-- the same kind of item ('second some_item') it goes to the left.
-- If we unwield just 'some_item' it is removed from the 'right',
-- regardless of whether it was wielded with an ordinal attribute.
function remove_worn(i)
   if i == bodyparts.head.item then
      bodyparts.head.item = N
      bodyparts.head.condition = N
   elseif i == bodyparts.ear.item then
      bodyparts.ear.item = N
      bodyparts.ear.condition = N						
   elseif i == bodyparts.neck.item then
      bodyparts.neck.item = N
      bodyparts.neck.condition = N			
   elseif i == bodyparts.shoulders.item then
      bodyparts.shoulders.item = N
      bodyparts.shoulders.condition = N
   elseif i == bodyparts.arms.item then
      bodyparts.arms.item = N
      bodyparts.arms.condition = N
   elseif i == bodyparts.right.item then
      bodyparts.right.item = N
      bodyparts.right.condition = N
   elseif i == bodyparts.left.item then
      bodyparts.left.item = N
      bodyparts.left.condition = N
   elseif i == bodyparts.hands.item then 
      bodyparts.hands.item = N
      bodyparts.hands.condition = N
   elseif i == bodyparts.body.item then
      bodyparts.body.item = N
      bodyparts.body.condition = N
   elseif i == bodyparts.waist.item then
      bodyparts.waist.item = N
      bodyparts.waist.condition = N
   elseif i == bodyparts.legs.item then
      bodyparts.legs.item = N
      bodyparts.legs.condition = N					
   elseif i == bodyparts.feet.item then
      bodyparts.feet.item = N
      bodyparts.feet.condition = N
   elseif i == bodyparts.wristLeft.item then
      bodyparts.wristLeft.item = N
      bodyparts.wristLeft.condition = N
   elseif i == bodyparts.wristRight.item then
      bodyparts.wristRight.item = N
      bodyparts.wristRight.condition = N		
   elseif i == bodyparts.fingerLeft.item then
      bodyparts.fingerLeft.item = N
      bodyparts.fingerLeft.condition = N
   elseif i == bodyparts.fingerRight.item then
      bodyparts.fingerRight.item = N
      bodyparts.fingerRight.condition = N
   elseif i == bodyparts.shoulderLeft.item then
      bodyparts.shoulderLeft.item = N
      bodyparts.shoulderLeft.condition = N
   elseif i == bodyparts.shoulderRight.item then
      bodyparts.shoulderRight.item = N
      bodyparts.shoulderRight.condition = N															
   
	 -- else do nothing but hope it was worn on another part,
   -- like the newbie pin on the chest ...
   end
end
</script>
                        <eventHandlerList/>
                    </Script>
                    <Script isActive="yes" isFolder="no">
                        <name>The View</name>
                        <packageName></packageName>
                        <script>
	 
PROGRESS_LEVELS = PROGRESS_LEVELS or {
   _max = 19,
[&quot;no measurable&quot;] = 0,
[&quot;insignificant&quot;] = 1,[&quot;a tiny amount of&quot;] = 2,[&quot;minimal&quot;] = 3, 
[&quot;slight&quot;] = 4, [&quot;low&quot;] = 5, [&quot;a little&quot;] = 6, [&quot;some&quot;] = 7,
[&quot;modest&quot;] = 8, [&quot;decent&quot;] = 9, [&quot;nice&quot;] = 10, [&quot;good&quot;] = 11,
[&quot;very good&quot;] = 12, [&quot;major&quot;] = 13, [&quot;great&quot;] = 14, [&quot;extremely good&quot;] = 15, 
[&quot;awesome&quot;] = 16, [&quot;immense&quot;] = 17, [&quot;tremendous&quot;] = 18, [&quot;fantastic&quot;] = 19
}


local RED_N = &quot;&lt;SlateGrey&gt;~~~~&quot;

---
--- Construct the status view.
---


border_label = border_label or Geyser.Label:new(
   {
	 		name =&quot;border_label&quot;,
      x = 0,
      y = 0,
      width = &quot;100%&quot;,
      height = &quot;100%&quot;,
   }
   ,WList_container)

border_label:setStyleSheet([[
	 border: 1px dashed blue;
]])
   --background-color: white;
	 
status_pane = status_pane or Geyser.MiniConsole:new(
   {
      name = &quot;status_pane&quot;,
      x = &quot;5&quot;,
      y = &quot;5&quot;,
      width = &quot;95%&quot;,
      height = &quot;95%&quot;,
   }
   ,WList_container)
status_pane:setColor('black')

function set_status_font_size(size)
   setMiniConsoleFontSize(status_pane.name, size)
end

set_status_font_size(9)
--set_status_font_size(9)
--1920x1080:		set_status_font_size(9)
--1366x768:			set_status_font_size(8)


---
--- Update status view.
---

local function shorten_desc(s)
   -- Remove 'pair of ', 'set of '.
   return string.gsub(s, '.+.? of ', '', 1)
end

local function make_bar(key, tbl)
   local lvl = tbl[key]
   if not lvl then
      cecho(string.format('&lt;red&gt;make_bar: No key (%s)!', key))
      return string.format('%s?!', key)
   end
   local bar = '|'
   local i = 0
   for n = 1, lvl do
      bar = bar .. '#'
      i = n
   end
   for n = i + 1, tbl._max do
      bar = bar .. '-'
   end
   return (bar .. '|')
end

local function make_status()

   local head = bodyparts.head.item
   local ear = bodyparts.ear.item	 
   local neck = bodyparts.neck.item
   local shoulders = bodyparts.shoulders.item
   local arms = bodyparts.arms.item
   local hands = bodyparts.hands.item
   local body = bodyparts.body.item
	 local waist = bodyparts.waist.item
   local legs = bodyparts.legs.item
   local feet = bodyparts.feet.item
   local right = bodyparts.right.item
   local left = bodyparts.left.item
	 local wristRight = bodyparts.wristRight.item
   local wristLeft = bodyparts.wristLeft.item
	 local fingerRight = bodyparts.fingerRight.item
   local fingerLeft = bodyparts.fingerLeft.item
	 local shoulderRight = bodyparts.shoulderRight.item
   local shoulderLeft = bodyparts.shoulderLeft.item
	 	 
   if head == N then head = RED_N end
	 if ear == N then ear = RED_N end
   if neck == N then neck = RED_N end
   if shoulders == N then shoulders = RED_N end
   if arms == N then arms = RED_N end
   if hands == N then hands = RED_N end
   if body == N then body = RED_N end
	 if waist == N then waist = RED_N end
   if legs == N then legs = RED_N end
   if feet == N then feet = RED_N end
   if right == N then right = RED_N end
   if left == N then left = RED_N end
   if wristRight == N then wristRight = RED_N end
   if wristLeft == N then wristLeft = RED_N end
   if fingerRight == N then fingerRight = RED_N end
   if fingerLeft == N then fingerLeft = RED_N end
   if shoulderRight == N then shoulderRight = RED_N end
   if shoulderLeft == N then shoulderLeft = RED_N end	 
	 	 
   local target = target
   if not target or N == target or '' == target
   then target = '&lt;grey&gt;none'
   else target = string.format('&lt;goldenrod&gt;%s', target)
   end

   local myKills = myKills
   if not myKills or N == myKills or '' == myKills
   then myKills = '&lt;grey&gt; '
   else myKills = string.format('&lt;white&gt;%s', myKills)
   end
	 
	 	 
   return string.format([[
&lt;slate_blue&gt;Wielding
&lt;white&gt;Left   : &lt;white&gt;%s
&lt;grey&gt;Right  : %s
&lt;slate_grey&gt;         -   -   -
&lt;slate_blue&gt;Wearing
&lt;white&gt;Head   : %s
&lt;grey&gt;Ear    : %s
&lt;white&gt;Neck   : %s

&lt;white&gt;Chest  : %s
&lt;grey&gt;Arms   : %s
&lt;white&gt;Body   : %s
&lt;grey&gt;Legs   : %s

&lt;white&gt;Hands  : %s
&lt;grey&gt;ShouldL: %s
&lt;white&gt;ShouldR: %s
&lt;grey&gt;WristL : %s
&lt;white&gt;WristR : %s
&lt;grey&gt;FingerL: %s
&lt;white&gt;FingerR: %s
&lt;grey&gt;Waist  : %s
&lt;white&gt;Feet   : %s
&lt;slate_grey&gt;         -   -   -
&lt;grey&gt;Target : %s
&lt;grey&gt;Kills  : %s
&lt;grey&gt;Prog   : %s&lt;white&gt;
]]
,left, right
,head
,ear
,neck
,shoulders
,arms
,body
,legs

,hands
,shoulderLeft
,shoulderRight
,wristLeft
,wristRight
,fingerLeft
,fingerRight
,waist
,feet

,target
,myKills

,make_bar(progress, PROGRESS_LEVELS)
)
end

function update_status(dump)
   if dump then
      cecho(make_status())
   else
      local s = status_pane.name
      clearWindow(s)
      cecho(s, make_status())
   end
end
</script>
                        <eventHandlerList/>
                    </Script>
                </ScriptGroup>
                <Script isActive="yes" isFolder="no">
                    <name>Set up</name>
                    <packageName></packageName>
                    <script>
progress_gagged = progress_gagged or false

update_status()
</script>
                    <eventHandlerList/>
                </Script>
            </ScriptGroup>
            <ScriptGroup isActive="yes" isFolder="yes">
                <name>Vitals-BP</name>
                <packageName></packageName>
                <script></script>
                <eventHandlerList/>
                <Script isActive="yes" isFolder="no">
                    <name>SetContainers</name>
                    <packageName></packageName>
                    <script>-- Setting containers for vital and status bars in genesis mud

-- Vitals containers
--lua health_container:flash()

--Health Container
health_container = Geyser.Container:new({
  name = &quot;health_container&quot;,
  x=5, y=3,
  width = &quot;180px&quot;, height=&quot;100%&quot;,
}, Vitals_container)

--Mana Container
mana_container = Geyser.Container:new({
  name = &quot;mana_container&quot;,
  x=185, y=3, --distance 5px
  width = &quot;10%&quot;, height=&quot;100%&quot;,
}, Vitals_container)

--Fatigue Container
fatigue_container = Geyser.Container:new({
  name = &quot;fatigue_container&quot;,
  x=365, y=3,
  width = &quot;10%&quot;, height=&quot;100%&quot;,
}, Vitals_container)


--Food Container
food_container = Geyser.Container:new({
  name = &quot;food_container&quot;,
  x=545, y=3, -- distance 10
  width = &quot;10%&quot;, height=&quot;100%&quot;,
}, Vitals_container)

--Drink Container
drink_container = Geyser.Container:new({
  name = &quot;drink_container&quot;,
  x=725, y=3,
  width = &quot;10%&quot;, height=&quot;100%&quot;,
}, Vitals_container)

--Intox Container
intox_container = Geyser.Container:new({
  name = &quot;intox_container&quot;,
  x=905, y=3,
  width = &quot;10%&quot;, height=&quot;100%&quot;,
}, Vitals_container)


-- Status containers

--Align Container
align_container = Geyser.Container:new({
  name = &quot;align_container&quot;,
  x=1085, y=3,
  width = &quot;10%&quot;, height=&quot;100%&quot;,
}, Vitals_container)

--Mail Container
mail_container = Geyser.Container:new({
  name = &quot;mail_container&quot;,
  x=1265, y=3,
  width = &quot;10%&quot;, height=&quot;100%&quot;,
}, Vitals_container)</script>
                    <eventHandlerList/>
                </Script>
                <Script isActive="yes" isFolder="no">
                    <name>SetVitals</name>
                    <packageName></packageName>
                    <script>-- Converting vitals text levels into numbers for bars/gauge

--Health
local healthTable = healthTable or {
[&quot;at death's door&quot;] = 1, [&quot;barely alive&quot;] = 2,  [&quot;terribly hurt&quot;] = 3, 
[&quot;in a very bad shape&quot;] = 4, [&quot;in agony&quot;] = 5, [&quot;in a bad shape&quot;] = 6, 
[&quot;very hurt&quot;] = 7, [&quot;suffering&quot;] = 8, [&quot;hurt&quot;] = 9, [&quot;aching&quot;] = 10, 
[&quot;somewhat hurt&quot;] = 11,  [&quot;slightly hurt&quot;] = 12, [&quot;sore&quot;] = 13, 
[&quot;feeling well&quot;] = 14, [&quot;feeling very well&quot;] = 15}

function setHealth(health)
  myHealth = health
  healthNumber = healthTable[health]
  if(healthNumber) then
    HealthBar:setValue(healthNumber,15,health)
  end
end

--Mana
local manaTable = manaTable or {
[&quot;in a vegetable state&quot;] = 1, [&quot;exhausted&quot;] = 2,  [&quot;worn down&quot;] = 3,
[&quot;indisposed&quot;] = 4, [&quot;in a bad shape&quot;] = 5, [&quot;very degraded&quot;] = 6,
[&quot;rather degraded&quot;] = 7, [&quot;degraded&quot;] = 8, [&quot;somewhat degraded&quot;] = 9,
[&quot;slightly degraded&quot;] = 10, [&quot;full vigour&quot;] = 11}

function setMana(mana)
  myMana = mana
  manaNumber = manaTable[mana]
  if(manaNumber) then
    ManaBar:setValue(manaNumber,11,mana)
  end
end

--Fatigue
local fatigueTable = fatigueTable or {
[&quot;extremely exhausted&quot;] = 1, [&quot;very exhausted&quot;] = 2, [&quot;exhausted&quot;] = 3, [&quot;somewhat exhausted&quot;] = 4, [&quot;slightly exhausted&quot;] = 5,
[&quot;extremely tired&quot;] = 6, [&quot;very tired&quot;] = 7, [&quot;tired&quot;] = 8, [&quot;somewhat tired&quot;] = 9, [&quot;slightly tired&quot;] = 10, 
[&quot;extremely weary&quot;] = 11, [&quot;very weary&quot;] = 12, [&quot;weary&quot;] = 13, [&quot;somewhat weary&quot;] = 14, [&quot;slightly weary&quot;] = 15, 
[&quot;slightly alert&quot;] = 16,  [&quot;somewhat alert&quot;] = 17,  [&quot;alert&quot;] = 18, [&quot;very alert&quot;] = 19,[&quot;extremely alert&quot;] = 20}

function setFatigue(fatigue)
  myFatigue = fatigue
  fatigueNumber = fatigueTable[fatigue]
  if(fatigueNumber) then
    FatigueBar:setValue(fatigueNumber,20,fatigue)
  end
end

--Food
local foodTable = foodTable or {
[&quot;eat quite a lot more&quot;] = 1, [&quot;eat a lot more&quot;] = 2, [&quot;eat some more&quot;] = 3,
[&quot;eat a little more&quot;] = 4, [&quot;barely eat more&quot;] = 5}

function setFood(food)
  myFood = food
  foodNumber = foodTable[food]
  if(foodNumber) then
    FoodBar:setValue(foodNumber,5,food)
  end
end

--Drink
local drinkTable = drinkTable or {
[&quot;drink quite a lot more&quot;] = 1, [&quot;drink a lot more&quot;] = 2, [&quot;drink some more&quot;] = 3,
[&quot;drink a little more&quot;] = 4, [&quot;barely drink more&quot;] = 5}

function setDrink(drink)
  myDrink = drink
  drinkNumber = drinkTable[drink]
  if(drinkNumber) then
    DrinkBar:setValue(drinkNumber,5,drink)
  end
end

--Intox
local intoxTable = intoxTable or {
[&quot;sober&quot;] = 1,
[&quot;slightly tipsy&quot;] = 2, [&quot;somewhat tipsy&quot;] = 3, [&quot;tipsy&quot;] = 4, [&quot;very tipsy&quot;] = 5, [&quot;extremely tipsy&quot;] = 6,
[&quot;slightly intoxicated&quot;] = 7, [&quot;somewhat intoxicated&quot;] = 8, [&quot;intoxicated&quot;] = 9, [&quot;very intoxicated&quot;] = 10, [&quot;extremely intoxicated&quot;] = 11,
[&quot;slightly drunk&quot;] = 12, [&quot;somewhat drunk&quot;] = 13, [&quot;drunk&quot;] = 14, [&quot;very drunk&quot;] = 15, [&quot;extremely drunk&quot;] = 16,
[&quot;slightly tanked&quot;] = 17, [&quot;somewhat tanked&quot;] = 18, [&quot;tanked&quot;] = 19, [&quot;very tanked&quot;] = 20, [&quot;extremely tanked&quot;] = 21,
[&quot;slightly blitzed&quot;] = 22, [&quot;somewhat blitzed&quot;] = 23, [&quot;blitzed&quot;] = 24, [&quot;very blitzed&quot;] = 25, [&quot;extremely blitzed&quot;] = 26,
[&quot;slightly wasted&quot;] = 27, [&quot;somewhat wasted&quot;] = 28, [&quot;wasted&quot;] = 29, [&quot;very wasted&quot;] = 30, [&quot;extremely wasted&quot;] = 31,
[&quot;slightly toasted&quot;] = 32, [&quot;somewhat toasted&quot;] = 33, [&quot;toasted&quot;] = 34, [&quot;very toasted&quot;] = 35, [&quot;extremely toasted&quot;] = 36,
[&quot;slightly pissed&quot;] = 37, [&quot;somewhat pissed&quot;] = 38, [&quot;pissed&quot;] = 39, [&quot;very pissed&quot;] = 40, [&quot;extremely pissed&quot;] = 41,
[&quot;slightly stoned&quot;] = 42, [&quot;somewhat stoned&quot;] = 43, [&quot;stoned&quot;] = 44, [&quot;very stoned&quot;] = 45, [&quot;extremely stoned&quot;] = 46,
[&quot;slightly obliviated&quot;] = 47, [&quot;somewhat obliviatedd&quot;] = 48, [&quot;obliviated&quot;] = 49, [&quot;very obliviated&quot;] = 50, [&quot;extremely obliviated&quot;] = 51}

function setIntox(intox)
  myIntox = intox
  intoxNumber = intoxTable[intox]
  if(intoxNumber) then
    IntoxBar:setValue(intoxNumber,51,intox)
  end
end
</script>
                    <eventHandlerList>
                        <string>gmcp.char.vitals</string>
                    </eventHandlerList>
                </Script>
                <Script isActive="yes" isFolder="no">
                    <name>SetStatus</name>
                    <packageName></packageName>
                    <script>-- Converting status text levels into numbers for bars/gauge

--Align
local alignTable = alignTable or {
[&quot;damned&quot;] = 1, [&quot;demonic&quot;] = 2, [&quot;beastly&quot;] = 3, [&quot;malevolent&quot;] = 4, [&quot;evil&quot;] = 5,
[&quot;foul&quot;] = 6, [&quot;nasty&quot;] = 7, [&quot;wicked&quot;] = 8, [&quot;sinister&quot;] = 9, [&quot;unsympathetic&quot;] = 10,
[&quot;untrustworth&quot;] = 11, [&quot;disagreeable&quot;] = 12,
[&quot;neutral&quot;] = 13,
[&quot;agreeable&quot;] = 14, [&quot;trustworthy&quot;] = 15, [&quot;sympathetic&quot;] = 16, [&quot;nice&quot;] = 17, [&quot;sweet&quot;] = 18,
[&quot;good&quot;] = 19, [&quot;devout&quot;] = 20, [&quot;blessed&quot;] = 21, [&quot;saintly&quot;] = 22, [&quot;holy&quot;] = 23}

function setAlign(align)
  myAlign = align
  alignNumber = alignTable[align]
  if(alignNumber) then
    AlignBar:setValue(alignNumber,23,align)
  end
end

--Mail
local mailTable = mailTable or {
[&quot;already read mail&quot;] = 1, [&quot;NEW mail&quot;] = 2}

function setMail(mail)
  myMail = mail
  mailNumber = mailTable[mail]
  if(mailNumber) then
    MailBar:setValue(mailNumber,2,mail)
  end
end
</script>
                    <eventHandlerList>
                        <string>gmcp.char.status</string>
                    </eventHandlerList>
                </Script>
                <Script isActive="yes" isFolder="no">
                    <name>GMCP_Vitals</name>
                    <packageName></packageName>
                    <script>-- Vitals that genesis server provides in gmcp:
-- health, mana, vitals, food, drink, intoxication

function GMCP_Vitals()

  if(gmcp.char.vitals.health ~= nil) then setHealth(gmcp.char.vitals.health) end

  if (gmcp.char.vitals.mana ~= nil) then setMana(gmcp.char.vitals.mana) end

  if (gmcp.char.vitals.fatigue ~= nil) then setFatigue(gmcp.char.vitals.fatigue) end

  if (gmcp.char.vitals.food ~= nil) then setFood(gmcp.char.vitals.food) end

  if (gmcp.char.vitals.drink ~= nil) then setDrink(gmcp.char.vitals.drink) end

  if (gmcp.char.vitals.intoxication ~= nil) then setIntox(gmcp.char.vitals.intoxication) end

 -- lua display(gmcp.char.vitals) 

end

</script>
                    <eventHandlerList>
                        <string>gmcp.char.vitals</string>
                    </eventHandlerList>
                </Script>
                <Script isActive="yes" isFolder="no">
                    <name>GMCP_Status</name>
                    <packageName></packageName>
                    <script>-- Status that genesis server provides in gmcp:
-- align, mail

function GMCP_Status()

  if(gmcp.char.status.alignment ~= nil) then setAlign(gmcp.char.status.alignment) end

  if(gmcp.char.status.mail ~= nil) then setMail(gmcp.char.status.mail) end

 -- lua display(gmcp.char.vitals)
end</script>
                    <eventHandlerList>
                        <string>gmcp.char.status</string>
                    </eventHandlerList>
                </Script>
                <Script isActive="yes" isFolder="no">
                    <name>SetLabel</name>
                    <packageName></packageName>
                    <script>-- Vitals label - decoration for Vitals Container

--Vitals label
VitalsLabel = Geyser.Label:new({
  name = &quot;VitalsLabel&quot;,
  x = 0, y = 0,
  width = &quot;100%&quot;, height = &quot;100%&quot;,
}, Vitals_container)


 VitalsLabel:setStyleSheet([[
	 background-color: black;
   border-top: 1px dashed red;
  ]])

</script>
                    <eventHandlerList/>
                </Script>
                <Script isActive="yes" isFolder="no">
                    <name>SetVitalsBars</name>
                    <packageName></packageName>
                    <script>-- Setting bars for vitals: health, mana, fatigue
-- food, drink, intox

--*** Health, Mana, Fatigue ***--
-- set in the right bottom container --
--lua right_bottom_container:flash()

--set HealthBar
HealthBar = Geyser.Gauge:new({ -- setting gauge
  name=&quot;HealthBar&quot;, -- gauge name
  --x=830, y=&quot;66%&quot;,
  x=0, y=0, -- location in the cointainer
  width=150, height=15, -- width and height
  --fgColor = &quot;white&quot;, --foreground colour
  --color = &quot;red&quot;, -- colour
  --orientation = &quot;vertical&quot;,
    format = &quot;7&quot;, --font size
},health_container) -- in what cointainer
HealthBar.front:setStyleSheet([[
	background-color: firebrick;
	border-top: 1px firebrick solid;
	border-left: 1px firebrick solid;
	border-bottom: 1px firebrick solid;
	border-radius: 5;
	padding: 1px;
	padding-left: 5px;
	color: black;
	font-color: black;
]])
HealthBar.back:setStyleSheet([[
	background-color: black;
	border-width: 1px;
	border-color: firebrick;
	border-style: solid;
	border-radius: 5;
	padding: 1px;
	padding-left: 5px;
	color: black;
	font-color: black;
]])


--set ManaBar
ManaBar = Geyser.Gauge:new({
	name=&quot;ManaBar&quot;,
	x=0, y=0,
	width=150, height=15,
	format = &quot;7&quot;,
},mana_container)
ManaBar.front:setStyleSheet([[
	background-color: MediumBlue;
	border-top: 1px MediumBlue solid;
	border-left: 1px MediumBlue solid;
	border-bottom: 1px MediumBlue solid;
	border-radius: 5;
	padding: 1px;
	padding-left: 5px;
]])
ManaBar.back:setStyleSheet([[
	background-color: black;
	border-width: 1px;
	border-color: MediumBlue;
	border-style: solid;
	border-radius: 5;
	padding: 1px;
	padding-left: 5px;
]])


--set FatigueBar
FatigueBar = Geyser.Gauge:new({
	name=&quot;FatigueBar&quot;,
	x=0, y=0,
	width=150, height=15,
	color = &quot;SeaGreen&quot;,
	format = &quot;7&quot;,
},fatigue_container)
FatigueBar.front:setStyleSheet([[
	background-color: DarkGreen;
	border-top: 1px DarkGreen solid;
	border-left: 1px DarkGreen solid;
	border-bottom: 1px DarkGreen solid;
	border-radius: 5;
	padding: 1px;
	padding-left: 5px;
]])
FatigueBar.back:setStyleSheet([[
	background-color: black;
	border-width: 1px;
	border-color: DarkGreen;
	border-style: solid;
	border-radius: 5;
	padding: 1px;
	padding-left: 5px;
]])


--*** Food, Drink, Intoxication ***--
-- set in the right bottom container --

--set FoodBar
FoodBar = Geyser.Gauge:new({
	name=&quot;FoodBar&quot;,
	x=0, y=0,
	width=150, height=15,
	format = &quot;7&quot;,
},food_container)
FoodBar.front:setStyleSheet([[
	background-color: sienna;
	border-top: 1px sienna solid;
	border-left: 1px sienna solid;
	border-bottom: 1px sienna solid;
	border-radius: 5;
	padding: 1px;
	padding-left: 5px;
]])
FoodBar.back:setStyleSheet([[
	background-color: black;
	border-width: 1px;
	border-color: sienna;
	border-style: solid;
	border-radius: 5;
	padding: 1px;
	padding-left: 5px;
]])


--set DrinkBar
DrinkBar = Geyser.Gauge:new({
	name=&quot;DrinkBar&quot;,
	x=0, y=0,
	width=150, height=15,
	format = &quot;7&quot;,
},drink_container)
DrinkBar.front:setStyleSheet([[
	background-color: SeaGreen;
	border-top: 1px SeaGreen solid;
	border-left: 1px SeaGreen solid;
	border-bottom: 1px SeaGreen solid;
	border-radius: 5;
	padding: 1px;
	padding-left: 5px;
]])
DrinkBar.back:setStyleSheet([[
	background-color: black;
	border-width: 1px;
	border-color: SeaGreen;
	border-style: solid;
	border-radius: 5;
	padding: 1px;
	padding-left: 5px;
]])


--set IntoxBar
IntoxBar = Geyser.Gauge:new({
	name=&quot;IntoxBar&quot;,
	x=0, y=0,
	width=150, height=15,
	format = &quot;7&quot;,
},intox_container)
IntoxBar.front:setStyleSheet([[
	background-color: BlueViolet;
	border-top: 1px BlueViolet solid;
	border-left: 1px BlueViolet solid;
	border-bottom: 1px BlueViolet solid;
	border-radius: 5;
	padding: 1px;
	padding-left: 5px;
]])
IntoxBar.back:setStyleSheet([[
	background-color: black;
	border-width: 1px;
	border-color: BlueViolet;
	border-style: solid;
	border-radius: 5;
	padding: 1px;
	padding-left: 5px;
]])


</script>
                    <eventHandlerList/>
                </Script>
                <Script isActive="yes" isFolder="no">
                    <name>SetStatusBars</name>
                    <packageName></packageName>
                    <script>-- Setting bars for status: align, mail

--*** Align, Mail ***--
-- set in the right bottom container --

--set AlignBar
AlignBar = Geyser.Gauge:new({
	name=&quot;AlignBar&quot;,
	x=0, y=0,
	width=150, height=15,
	format = &quot;7&quot;,
},align_container)
AlignBar.front:setStyleSheet([[
	background-color: DarkSlateGray;
	border-top: 1px DarkSlateGray solid;
	border-left: 1px DarkSlateGray solid;
	border-bottom: 1px DarkSlateGray solid;
	border-radius: 5;
	padding: 1px;
	padding-left: 5px;
]])
AlignBar.back:setStyleSheet([[
	background-color: black;
	border-width: 1px;
	border-color: DarkSlateGray;
	border-style: solid;
	border-radius: 5;
	padding: 1px;
	padding-left: 5px;
]])


--set MailBar
-- It is a gauge but only displays texts, there is no bar in bar
-- The two texts: 'already read mail' or 'New mail'
MailBar = Geyser.Gauge:new({
	name=&quot;MailBar&quot;,
	x=0, y=0,
	width=150, height=15,
	fgColor = &quot;grey&quot;,
	color = &quot;black&quot;,
	format = &quot;7&quot;,
},mail_container)
</script>
                    <eventHandlerList/>
                </Script>
            </ScriptGroup>
            <ScriptGroup isActive="yes" isFolder="yes">
                <name>Other-script-BP1</name>
                <packageName></packageName>
                <script>-------------------------------------------------
--         Put your Lua functions here.        --
--                                             --
-- Note that you can also use external Scripts --
-------------------------------------------------
</script>
                <eventHandlerList/>
                <ScriptGroup isActive="yes" isFolder="yes">
                    <name>Enchantments</name>
                    <packageName>Enchantments</packageName>
                    <script></script>
                    <eventHandlerList/>
                    <Script isActive="yes" isFolder="no">
                        <name>Enchantments</name>
                        <packageName></packageName>
                        <script>
local ENCHANTMENTS = ENCHANTMENTS or {
   musk = {
      effect = '+str',
      stone = 'ogre',
      hint = 'smell of musk emanates from its surface' },
   vanilla = {
      effect = '+dis',
      stone = 'steel',
      hint = 'smell of vanilla emanates from its surface' },
   alcohol = {
      effect = '+con',
      stone = 'dwarf',
      hint = 'smell of alcohol emanates from its surface' },
   lavender = {
      effect = '+int',
      stone = 'gnome',
      hint = 'smell of lavender emanates from its surface' },
   sage = {
      effect = '+wis',
      stone = 'elf',
      hint = 'smell of sage emanates from its surface' },
   cinnamon = {
      effect = '+dex',
      stone = 'hobbit',
      hint = 'smell of cinnamon emanates from its surface' },
   opalesque = {
      effect = '+water spells',
      stone = 'surf',
      hint = 'opalesque tint' },
   grey = {
      effect = '+death spells',
      stone = 'corpse',
      hint = 'grey tint' },
   brown = {
      effect = '+earth spells',
      stone = 'soil',
      hint = 'brown tint' },
   blue = {
      effect = '+life spells',
      stone = 'ankh',
      hint = 'blue tint' },
   azure = {
      effect = '+air spells',
      stone = 'gust',
      hint = 'azure tint' },
   rose = {
      effect = '+fire spells',
      stone = 'ember',
      hint = 'rose tint' },
   stallion = {
      effect = '+polearm',
      stone = 'skewer',
      hint = 'aura of a stallion' },
   lion = {
      effect = '+sword',
      stone = 'edge',
      hint = 'aura of a lion' },
   spider = {
      effect = '+knife',
      stone = 'needle',
      hint = 'aura of a spider' },
   boar = {
      effect = '+club',
      stone = 'crush',
      hint = 'aura of a boar' },
   badger = {
      effect = '+axe',
      stone = 'cleave',
      hint = 'aura of a badger' },
   monkey = {
      effect = '+unarmed',
      stone = 'palm',
      hint = 'aura of a monkey' },
   beryl = {
      effect = 'slay elf',
      stone = 'char',
      hint = 'Beryl formations along' },
   bone = {
      effect = 'slay undead',
      stone = 'life',
      hint = 'Bone formations along' },
   diamond = {
      effect = 'slay dragon',
      stone = 'heaven',
      hint = 'Diamond formations along' },
   granite = {
      effect = 'slay ogre',
      stone = 'doom',
      hint = 'Granite formations along' },
   ivory = {
      effect = 'slay minotaur',
      stone = 'hoof',
      hint = 'Ivory formations along' },
   mithril = {
      effect = 'slay dwarf',
      stone = 'gall',
      hint = 'Mithril formations along' },
   onyx = {
      effect = 'slay goblin',
      stone = 'dark',
      hint = 'Onyx formations along' },
   peridot = {
      effect = 'slay gnome',
      stone = 'gear',
      hint = 'Peridot formations along' },
   quartz = {
      effect = 'slay halfling',
      stone = 'pie',
      hint = 'Quartz formations along' },
   sapphire = {
      effect = 'slay human',
      stone = 'fell',
      hint = 'Sapphire formations along' },
   topaz = {
      effect = 'slay troll',
      stone = 'fire',
      hint = 'Topaz formations along' },
   light = {
      effect = '+light',
      stone = 'morning',
      hint = 'aura of light' },
   darkness = {
      effect = '-light',
      stone = 'night',
      hint = 'aura of darkness' },
   crimson = {
      effect = '+spellcraft',
      stone = 'lode',
      hint = 'aura of crimson energy' },
   wellbeing = {
      effect = '+AC',
      stone = 'ward',
      hint = 'aura of well-being' },
   viciousness = {
      effect = '+weapon-acc',
      stone = 'guide',
      hint = 'aura of viciousness' },
   malevolence = {
      effect = '+damage',
      stone = 'sling',
      hint = 'aura of malevolence' },
   unease = {
      effect = 'resist life',
      stone = 'mummy',
      hint = 'feeling of unease' },
   goosebumps = {
      effect = 'resist cold',
      stone = 'wool',
      hint = 'goosebumps being around' },
   sneeze = {
      effect = 'resist poison',
      stone = 'sweat',
      hint = 'urge to sneeze' },
   dull = {
      effect = 'resist magic',
      stone = 'quiet',
      hint = 'dull feeling' },
   tickle = {
      effect = 'resist water',
      stone = 'duck',
      hint = 'tickle in your throat' },
   calm = {
      effect = 'resist fire',
      stone = 'powder',
      hint = 'feeling of calm' },
   ringing = {
      effect = 'resist air',
      stone = 'tarp',
      hint = 'ringing in your ears' },
   itching = {
      effect = 'resist acid',
      stone = 'salve',
      hint = 'itching sensation' },
   hairraising = {
      effect = 'resist electricity',
      stone = 'rubber',
      hint = 'hair-raising sensation grips you' },
   nausea = {
      effect = 'resist death',
      stone = 'lars',
      hint = 'feeling of nausea' },
   drowsiness = {
      effect = 'resist earth',
      stone = 'river',
      hint = 'feeling of drowsiness' },
   frost = {
      effect = '+cold damage',
      stone = 'snap',
      hint = 'clusters of frost cling' },
   disturbance = {
      effect = '+air-bolts damage',
      stone = 'blow',
      hint = 'disturbance in the air surrounding' },
   hissing = {
      effect = '+heat damage',
      stone = 'blue',
      hint = 'hissing sound' },
   fluctuation = {
      effect = '+earth damage',
      stone = 'sink',
      hint = 'fluctuation in colour' },
   acid = {
      effect = '+acid damage',
      stone = 'rust',
      hint = 'acid sheen' },
   moisture = {
      effect = '+poison damage',
      stone = 'asp',
      hint = 'green moisture cling' },
   decay = {
      effect = '+death damage',
      stone = 'black',
      hint = 'odor of decay' },
   flames = {
      effect = '+elemental damage',
      stone = 'orange',
      hint = 'white flames' },
   electricity = {
      effect = '+electricity damage',
      stone = 'amp',
      hint = 'ripples of blue electricity' },
   security = {
      effect = 'heals user',
      stone = 'balm',
      hint = 'feeling of security emanates' },
   sparkle = {
      effect = 'darkvision',
      stone = 'torch',
      hint = 'sparkle bewitches your senses' },
   glow = {
      effect = '+awareness',
      stone = 'eye',
      hint = 'orange glow' },
   gleam = {
      effect = 'increased durability',
      stone = 'iron',
      hint = 'gleam of mithril seems to coat' },
   whine = {
      effect = 'speed',
      stone = 'mercury',
      hint = 'whine is coming' },
   drone = {
      effect = 'slows enemy',
      stone = 'grog',
      hint = 'drone issues from this' },
   clicking = {
      effect = '+blindfighting',
      stone = 'mole',
      hint = 'clicking sound' },
   purring = {
      effect = '+hide/sneak',
      stone = 'rodent',
      hint = 'purring sound' },
   silvery = {
      effect = '+two handed combat',
      stone = 'twin',
      hint = 'pulses with a silvery aura' },
   purple = {
      effect = '+parry',
      stone = 'deft',
      hint = 'purple gleam playing' },
   swirling = {
      effect = '+defence',
      stone = 'shield',
      hint = 'swirling bands of yellow energy' },
}

-- Make triggers that add info to the hint:

function _make_enchantment_info_triggers(newish)
   for key, data in pairs(ENCHANTMENTS) do
      if data.trid and newish then
         killTrigger(data.trid)
         data.trid = nil
      end
      if not data.trid then
         data.trid = tempTrigger(
            data.hint
            ,string.format([[cecho('\n   &lt;steel_blue&gt;%sstone (%s)\n')]]
                           ,data.stone
                           ,data.effect))
      end
   end
end
_make_enchantment_info_triggers()

--[=[
-- Interweave two files:
nextl = io.lines(&quot;hint.lua&quot;)
fab = io.open(&quot;fab.lua&quot;, 'w+')
for line in io.lines(&quot;tab.lua&quot;) do
   fab:write(line .. '\n')
   fab:write(nextl() .. '\n')
end
fab:flush()
fab:close()
]=]
</script>
                        <eventHandlerList/>
                    </Script>
                </ScriptGroup>
                <ScriptGroup isActive="yes" isFolder="yes">
                    <name>commandQueue</name>
                    <packageName>commandQueue</packageName>
                    <script></script>
                    <eventHandlerList/>
                    <Script isActive="yes" isFolder="no">
                        <name>commandQueue</name>
                        <packageName></packageName>
                        <script>-------------------------------------------------
--         Put your Lua functions here.        --
--                                             --
-- Note that you can also use external Scripts --
-------------------------------------------------
function commandQueue(...)
        if(type(arg[1]) == &quot;table&quot; and #arg[1] &gt; 0) then
                local v = table.remove(arg[1], 1)
                local next = function() commandQueue(arg[1]) end
                if(type(v) == &quot;number&quot;) then   
                        tempTimer(v, next)
                else
                        expandAlias(v)
                        commandQueue(arg[1])
                end
        else
                commandQueue(arg)
        end
end


-- commandQueue Alias:
local reg,al = [[^q (.*)]],
[[local tc = {}
local args = matches[2]

for c in args:gmatch('([^,]+)') do
        if(tonumber(c)) then
                table.insert(tc, tonumber(c))
        else
                c = string.trim(c)
                table.insert(tc, c)
        end
end
local c1,c2 = &quot;&lt;slate_blue&gt;&quot;,&quot;&lt;white&gt;&quot;
cecho(c1..&quot;Command queue: &quot;.. c2 .. table.concat(tc, c1..&quot;, &quot;..c2) .. &quot;\n&quot;)
commandQueue(unpack(tc))
]]

aliastable = aliastable or {}
if( aliastable.q ~= nil and exists(aliastable.q,&quot;alias&quot;) &gt; 0 ) then
        killAlias(aliastable.q)
        aliastable.q = nil
end
aliastable.q = tempAlias(reg, al)
 </script>
                        <eventHandlerList/>
                    </Script>
                </ScriptGroup>
            </ScriptGroup>
            <Script isActive="no" isFolder="no">
                <name>Readme</name>
                <packageName></packageName>
                <script>[[--
The package BP was put together from:
--
Magic Map:
Map20170610.zip by Findis
https://www.genesismud.org/forums/viewtopic.php?f=14&amp;t=4004&amp;start=20#p37298
--
Chat Box using GMPC (no NPC talk):
Chat20170610.zip by Findis 
https://www.genesismud.org/forums/viewtopic.php?f=14&amp;t=4004&amp;start=20#p37298
--
WList - Wielded/Worn Items List:
based on For_Genesis_20130329b1.xml package by Hairetikos
https://www.genesismud.org/forums/viewtopic.php?f=14&amp;t=2098&amp;start=80#p18248
--
Vitals - Set of Vital Bars using GMPC
https://www.genesismud.org/forums/viewtopic.php?f=14&amp;t=2098&amp;start=110#p31142
--
Other:
Enchantments - translation of imbued ones descriptions
Queue - creates an alias that can be used to set a delay u want between commands
http://genesisquests.pbworks.com/w/page/118675659/Mudlet%20Package%20-%20Command%20Queue
Herb info
Targeting alias
Kill counter
Misc
--
--]]</script>
                <eventHandlerList/>
            </Script>
        </ScriptGroup>
    </ScriptPackage>
</MudletPackage>
